child,field,target,targetField,cardinality,kind,nullable,populated,total,tier,administrative,notes
Access_Control__c,OwnerId,Group,Id,N:1 per target type,Polymorphic reference,False,,8503,support,True,"Administrative relationship; optional for business reporting. Population was not profiled. One field can reference one of Group, User. Coverage is field-level across all targets; isolate the target type before joining. Target is outside the described Tableau scope; target rows were not profiled. Child reference is required by schema. This does not mean every parent has a child."
Access_Control__c,OwnerId,User,Id,N:1 per target type,Polymorphic reference,False,,8503,support,True,"Administrative relationship; optional for business reporting. Population was not profiled. One field can reference one of Group, User. Coverage is field-level across all targets; isolate the target type before joining. Child reference is required by schema. This does not mean every parent has a child."
Access_Control__c,CreatedById,User,Id,N:1,Standard reference,False,,8503,support,True,Administrative relationship; optional for business reporting. Population was not profiled. Child reference is required by schema. This does not mean every parent has a child.
Access_Control__c,LastModifiedById,User,Id,N:1,Standard reference,False,,8503,support,True,Administrative relationship; optional for business reporting. Population was not profiled. Child reference is required by schema. This does not mean every parent has a child.
Access_Control__c,Inventory__c,Inventory__c,Id,N:1,Lookup,True,0,8503,core,False,
Access_Control__c,Order__c,Order,Id,N:1,Lookup,True,1,8503,core,False,
Account,MasterRecordId,Account,Id,N:1,Standard reference,True,0,101476,core,False,
Account,RecordTypeId,RecordType,Id,N:1,Standard reference,True,101471,101476,support,False,
Account,ParentId,Account,Id,N:1,Standard reference,True,98,101476,core,False,
Account,OwnerId,User,Id,N:1,Standard reference,False,,101476,support,True,Administrative relationship; optional for business reporting. Population was not profiled. Child reference is required by schema. This does not mean every parent has a child.
Account,CreatedById,User,Id,N:1,Standard reference,False,,101476,support,True,Administrative relationship; optional for business reporting. Population was not profiled. Child reference is required by schema. This does not mean every parent has a child.
Account,LastModifiedById,User,Id,N:1,Standard reference,False,,101476,support,True,Administrative relationship; optional for business reporting. Population was not profiled. Child reference is required by schema. This does not mean every parent has a child.
Asset,ContactId,Contact,Id,N:1,Standard reference,True,0,0,support,False,Child table is currently empty; this is an available schema relationship.
Asset,AccountId,Account,Id,N:1,Standard reference,True,0,0,support,False,Child table is currently empty; this is an available schema relationship.
Asset,ParentId,Asset,Id,N:1,Standard reference,True,0,0,support,False,Child table is currently empty; this is an available schema relationship.
Asset,RootAssetId,Asset,Id,N:1,Standard reference,True,0,0,support,False,Child table is currently empty; this is an available schema relationship.
Asset,Product2Id,Product2,Id,N:1,Standard reference,True,0,0,support,False,Child table is currently empty; this is an available schema relationship.
Asset,CreatedById,User,Id,N:1,Standard reference,False,,0,support,True,Administrative relationship; optional for business reporting. Population was not profiled. Child reference is required by schema. This does not mean every parent has a child. Child table is currently empty; this is an available schema relationship.
Asset,LastModifiedById,User,Id,N:1,Standard reference,False,,0,support,True,Administrative relationship; optional for business reporting. Population was not profiled. Child reference is required by schema. This does not mean every parent has a child. Child table is currently empty; this is an available schema relationship.
Asset,OwnerId,User,Id,N:1,Standard reference,False,,0,support,True,Administrative relationship; optional for business reporting. Population was not profiled. Child reference is required by schema. This does not mean every parent has a child. Child table is currently empty; this is an available schema relationship.
Asset,AssetProvidedById,Account,Id,N:1,Standard reference,True,0,0,support,False,Child table is currently empty; this is an available schema relationship.
Asset,AssetServicedById,Account,Id,N:1,Standard reference,True,0,0,support,False,Child table is currently empty; this is an available schema relationship.
Audience_Sub_Category__c,OwnerId,Group,Id,N:1 per target type,Polymorphic reference,False,,38,support,True,"Administrative relationship; optional for business reporting. Population was not profiled. One field can reference one of Group, User. Coverage is field-level across all targets; isolate the target type before joining. Target is outside the described Tableau scope; target rows were not profiled. Child reference is required by schema. This does not mean every parent has a child."
Audience_Sub_Category__c,OwnerId,User,Id,N:1 per target type,Polymorphic reference,False,,38,support,True,"Administrative relationship; optional for business reporting. Population was not profiled. One field can reference one of Group, User. Coverage is field-level across all targets; isolate the target type before joining. Child reference is required by schema. This does not mean every parent has a child."
Audience_Sub_Category__c,CreatedById,User,Id,N:1,Standard reference,False,,38,support,True,Administrative relationship; optional for business reporting. Population was not profiled. Child reference is required by schema. This does not mean every parent has a child.
Audience_Sub_Category__c,LastModifiedById,User,Id,N:1,Standard reference,False,,38,support,True,Administrative relationship; optional for business reporting. Population was not profiled. Child reference is required by schema. This does not mean every parent has a child.
Campaign,ParentId,Campaign,Id,N:1,Standard reference,True,1,3,support,False,
Campaign,OwnerId,User,Id,N:1,Standard reference,False,,3,support,True,Administrative relationship; optional for business reporting. Population was not profiled. Child reference is required by schema. This does not mean every parent has a child.
Campaign,CreatedById,User,Id,N:1,Standard reference,False,,3,support,True,Administrative relationship; optional for business reporting. Population was not profiled. Child reference is required by schema. This does not mean every parent has a child.
Campaign,LastModifiedById,User,Id,N:1,Standard reference,False,,3,support,True,Administrative relationship; optional for business reporting. Population was not profiled. Child reference is required by schema. This does not mean every parent has a child.
Campaign,CampaignMemberRecordTypeId,RecordType,Id,N:1,Standard reference,True,0,3,support,False,
Campaign,BriefId,Brief,Id,N:1,Standard reference,True,0,3,support,False,Target is outside the described Tableau scope; target rows were not profiled.
CampaignMember,CampaignId,Campaign,Id,N:1,Standard reference,False,15,15,support,False,Child reference is required by schema. This does not mean every parent has a child.
CampaignMember,LeadId,Lead,Id,N:1,Standard reference,True,10,15,support,False,
CampaignMember,ContactId,Contact,Id,N:1,Standard reference,True,5,15,support,False,
CampaignMember,CreatedById,User,Id,N:1,Standard reference,False,,15,support,True,Administrative relationship; optional for business reporting. Population was not profiled. Child reference is required by schema. This does not mean every parent has a child.
CampaignMember,LastModifiedById,User,Id,N:1,Standard reference,False,,15,support,True,Administrative relationship; optional for business reporting. Population was not profiled. Child reference is required by schema. This does not mean every parent has a child.
CampaignMember,LeadOrContactId,Account,Id,N:1 per target type,Polymorphic reference,True,15,15,support,False,"One field can reference one of Account, Contact, Lead. Coverage is field-level across all targets; isolate the target type before joining."
CampaignMember,LeadOrContactId,Contact,Id,N:1 per target type,Polymorphic reference,True,15,15,support,False,"One field can reference one of Account, Contact, Lead. Coverage is field-level across all targets; isolate the target type before joining."
CampaignMember,LeadOrContactId,Lead,Id,N:1 per target type,Polymorphic reference,True,15,15,support,False,"One field can reference one of Account, Contact, Lead. Coverage is field-level across all targets; isolate the target type before joining."
CampaignMember,LeadOrContactOwnerId,Group,Id,N:1 per target type,Polymorphic reference,True,15,15,support,False,"One field can reference one of Group, User. Coverage is field-level across all targets; isolate the target type before joining. Target is outside the described Tableau scope; target rows were not profiled."
CampaignMember,LeadOrContactOwnerId,User,Id,N:1 per target type,Polymorphic reference,True,15,15,support,False,"One field can reference one of Group, User. Coverage is field-level across all targets; isolate the target type before joining."
Catalog_Enrichment_Setting__c,SetupOwnerId,Organization,Id,N:1 per target type,Polymorphic reference,True,1,1,support,False,"One field can reference one of Organization, Profile, User. Coverage is field-level across all targets; isolate the target type before joining. Target is outside the described Tableau scope; target rows were not profiled."
Catalog_Enrichment_Setting__c,SetupOwnerId,Profile,Id,N:1 per target type,Polymorphic reference,True,1,1,support,False,"One field can reference one of Organization, Profile, User. Coverage is field-level across all targets; isolate the target type before joining. Target is outside the described Tableau scope; target rows were not profiled."
Catalog_Enrichment_Setting__c,SetupOwnerId,User,Id,N:1 per target type,Polymorphic reference,True,1,1,support,False,"One field can reference one of Organization, Profile, User. Coverage is field-level across all targets; isolate the target type before joining."
Catalog_Enrichment_Setting__c,CreatedById,User,Id,N:1,Standard reference,False,,1,support,True,Administrative relationship; optional for business reporting. Population was not profiled. Child reference is required by schema. This does not mean every parent has a child.
Catalog_Enrichment_Setting__c,LastModifiedById,User,Id,N:1,Standard reference,False,,1,support,True,Administrative relationship; optional for business reporting. Population was not profiled. Child reference is required by schema. This does not mean every parent has a child.
Charge_Component__c,OwnerId,Group,Id,N:1 per target type,Polymorphic reference,False,,0,support,True,"Administrative relationship; optional for business reporting. Population was not profiled. One field can reference one of Group, User. Coverage is field-level across all targets; isolate the target type before joining. Target is outside the described Tableau scope; target rows were not profiled. Child reference is required by schema. This does not mean every parent has a child. Child table is currently empty; this is an available schema relationship."
Charge_Component__c,OwnerId,User,Id,N:1 per target type,Polymorphic reference,False,,0,support,True,"Administrative relationship; optional for business reporting. Population was not profiled. One field can reference one of Group, User. Coverage is field-level across all targets; isolate the target type before joining. Child reference is required by schema. This does not mean every parent has a child. Child table is currently empty; this is an available schema relationship."
Charge_Component__c,CreatedById,User,Id,N:1,Standard reference,False,,0,support,True,Administrative relationship; optional for business reporting. Population was not profiled. Child reference is required by schema. This does not mean every parent has a child. Child table is currently empty; this is an available schema relationship.
Charge_Component__c,LastModifiedById,User,Id,N:1,Standard reference,False,,0,support,True,Administrative relationship; optional for business reporting. Population was not profiled. Child reference is required by schema. This does not mean every parent has a child. Child table is currently empty; this is an available schema relationship.
Contact,MasterRecordId,Contact,Id,N:1,Standard reference,True,0,3,support,False,
Contact,AccountId,Account,Id,N:1,Standard reference,True,3,3,support,False,
Contact,ReportsToId,Contact,Id,N:1,Standard reference,True,0,3,support,False,
Contact,OwnerId,User,Id,N:1,Standard reference,False,,3,support,True,Administrative relationship; optional for business reporting. Population was not profiled. Child reference is required by schema. This does not mean every parent has a child.
Contact,CreatedById,User,Id,N:1,Standard reference,False,,3,support,True,Administrative relationship; optional for business reporting. Population was not profiled. Child reference is required by schema. This does not mean every parent has a child.
Contact,LastModifiedById,User,Id,N:1,Standard reference,False,,3,support,True,Administrative relationship; optional for business reporting. Population was not profiled. Child reference is required by schema. This does not mean every parent has a child.
Contact,IndividualId,Individual,Id,N:1,Standard reference,True,0,3,support,False,Target is outside the described Tableau scope; target rows were not profiled.
Contract,AccountId,Account,Id,N:1,Standard reference,False,0,0,support,False,Child reference is required by schema. This does not mean every parent has a child. Child table is currently empty; this is an available schema relationship.
Contract,Pricebook2Id,Pricebook2,Id,N:1,Standard reference,True,0,0,support,False,Child table is currently empty; this is an available schema relationship.
Contract,OwnerId,User,Id,N:1,Standard reference,False,,0,support,True,Administrative relationship; optional for business reporting. Population was not profiled. Child reference is required by schema. This does not mean every parent has a child. Child table is currently empty; this is an available schema relationship.
Contract,CompanySignedId,User,Id,N:1,Standard reference,True,0,0,support,False,Child table is currently empty; this is an available schema relationship.
Contract,CustomerSignedId,Contact,Id,N:1,Standard reference,True,0,0,support,False,Child table is currently empty; this is an available schema relationship.
Contract,ActivatedById,User,Id,N:1,Standard reference,True,0,0,support,False,Child table is currently empty; this is an available schema relationship.
Contract,CreatedById,User,Id,N:1,Standard reference,False,,0,support,True,Administrative relationship; optional for business reporting. Population was not profiled. Child reference is required by schema. This does not mean every parent has a child. Child table is currently empty; this is an available schema relationship.
Contract,LastModifiedById,User,Id,N:1,Standard reference,False,,0,support,True,Administrative relationship; optional for business reporting. Population was not profiled. Child reference is required by schema. This does not mean every parent has a child. Child table is currently empty; this is an available schema relationship.
Cross_Sell_Product_Link__c,CreatedById,User,Id,N:1,Standard reference,False,,4,support,True,Administrative relationship; optional for business reporting. Population was not profiled. Child reference is required by schema. This does not mean every parent has a child.
Cross_Sell_Product_Link__c,LastModifiedById,User,Id,N:1,Standard reference,False,,4,support,True,Administrative relationship; optional for business reporting. Population was not profiled. Child reference is required by schema. This does not mean every parent has a child.
Cross_Sell_Product_Link__c,Source_Inventory__c,Inventory__c,Id,N:1,Master-detail,False,4,4,core,False,Child reference is required by schema. This does not mean every parent has a child.
Cross_Sell_Product_Link__c,Target_Inventory__c,Inventory__c,Id,N:1,Lookup,True,4,4,core,False,
In_App_Checklist_Settings__c,SetupOwnerId,Organization,Id,N:1 per target type,Polymorphic reference,True,3,3,support,False,"One field can reference one of Organization, Profile, User. Coverage is field-level across all targets; isolate the target type before joining. Target is outside the described Tableau scope; target rows were not profiled."
In_App_Checklist_Settings__c,SetupOwnerId,Profile,Id,N:1 per target type,Polymorphic reference,True,3,3,support,False,"One field can reference one of Organization, Profile, User. Coverage is field-level across all targets; isolate the target type before joining. Target is outside the described Tableau scope; target rows were not profiled."
In_App_Checklist_Settings__c,SetupOwnerId,User,Id,N:1 per target type,Polymorphic reference,True,3,3,support,False,"One field can reference one of Organization, Profile, User. Coverage is field-level across all targets; isolate the target type before joining."
In_App_Checklist_Settings__c,CreatedById,User,Id,N:1,Standard reference,False,,3,support,True,Administrative relationship; optional for business reporting. Population was not profiled. Child reference is required by schema. This does not mean every parent has a child.
In_App_Checklist_Settings__c,LastModifiedById,User,Id,N:1,Standard reference,False,,3,support,True,Administrative relationship; optional for business reporting. Population was not profiled. Child reference is required by schema. This does not mean every parent has a child.
Integration_Log__c,OwnerId,Group,Id,N:1 per target type,Polymorphic reference,False,,103870,support,True,"Administrative relationship; optional for business reporting. Population was not profiled. One field can reference one of Group, User. Coverage is field-level across all targets; isolate the target type before joining. Target is outside the described Tableau scope; target rows were not profiled. Child reference is required by schema. This does not mean every parent has a child."
Integration_Log__c,OwnerId,User,Id,N:1 per target type,Polymorphic reference,False,,103870,support,True,"Administrative relationship; optional for business reporting. Population was not profiled. One field can reference one of Group, User. Coverage is field-level across all targets; isolate the target type before joining. Child reference is required by schema. This does not mean every parent has a child."
Integration_Log__c,CreatedById,User,Id,N:1,Standard reference,False,,103870,support,True,Administrative relationship; optional for business reporting. Population was not profiled. Child reference is required by schema. This does not mean every parent has a child.
Integration_Log__c,LastModifiedById,User,Id,N:1,Standard reference,False,,103870,support,True,Administrative relationship; optional for business reporting. Population was not profiled. Child reference is required by schema. This does not mean every parent has a child.
Inventory_Event__c,OwnerId,Group,Id,N:1 per target type,Polymorphic reference,False,,865,support,True,"Administrative relationship; optional for business reporting. Population was not profiled. One field can reference one of Group, User. Coverage is field-level across all targets; isolate the target type before joining. Target is outside the described Tableau scope; target rows were not profiled. Child reference is required by schema. This does not mean every parent has a child."
Inventory_Event__c,OwnerId,User,Id,N:1 per target type,Polymorphic reference,False,,865,support,True,"Administrative relationship; optional for business reporting. Population was not profiled. One field can reference one of Group, User. Coverage is field-level across all targets; isolate the target type before joining. Child reference is required by schema. This does not mean every parent has a child."
Inventory_Event__c,CreatedById,User,Id,N:1,Standard reference,False,,865,support,True,Administrative relationship; optional for business reporting. Population was not profiled. Child reference is required by schema. This does not mean every parent has a child.
Inventory_Event__c,LastModifiedById,User,Id,N:1,Standard reference,False,,865,support,True,Administrative relationship; optional for business reporting. Population was not profiled. Child reference is required by schema. This does not mean every parent has a child.
Inventory_Event__c,Inventory__c,Inventory__c,Id,N:1,Lookup,True,865,865,core,False,
Inventory__c,OwnerId,Group,Id,N:1 per target type,Polymorphic reference,False,,1058,support,True,"Administrative relationship; optional for business reporting. Population was not profiled. One field can reference one of Group, User. Coverage is field-level across all targets; isolate the target type before joining. Target is outside the described Tableau scope; target rows were not profiled. Child reference is required by schema. This does not mean every parent has a child."
Inventory__c,OwnerId,User,Id,N:1 per target type,Polymorphic reference,False,,1058,support,True,"Administrative relationship; optional for business reporting. Population was not profiled. One field can reference one of Group, User. Coverage is field-level across all targets; isolate the target type before joining. Child reference is required by schema. This does not mean every parent has a child."
Inventory__c,CreatedById,User,Id,N:1,Standard reference,False,,1058,support,True,Administrative relationship; optional for business reporting. Population was not profiled. Child reference is required by schema. This does not mean every parent has a child.
Inventory__c,LastModifiedById,User,Id,N:1,Standard reference,False,,1058,support,True,Administrative relationship; optional for business reporting. Population was not profiled. Child reference is required by schema. This does not mean every parent has a child.
Lead,MasterRecordId,Lead,Id,N:1,Standard reference,True,0,7,support,False,
Lead,OwnerId,Group,Id,N:1 per target type,Polymorphic reference,False,,7,support,True,"Administrative relationship; optional for business reporting. Population was not profiled. One field can reference one of Group, User. Coverage is field-level across all targets; isolate the target type before joining. Target is outside the described Tableau scope; target rows were not profiled. Child reference is required by schema. This does not mean every parent has a child."
Lead,OwnerId,User,Id,N:1 per target type,Polymorphic reference,False,,7,support,True,"Administrative relationship; optional for business reporting. Population was not profiled. One field can reference one of Group, User. Coverage is field-level across all targets; isolate the target type before joining. Child reference is required by schema. This does not mean every parent has a child."
Lead,ConvertedAccountId,Account,Id,N:1,Standard reference,True,1,7,support,False,
Lead,ConvertedContactId,Contact,Id,N:1,Standard reference,True,1,7,support,False,
Lead,ConvertedOpportunityId,Opportunity,Id,N:1,Standard reference,True,0,7,support,False,
Lead,CreatedById,User,Id,N:1,Standard reference,False,,7,support,True,Administrative relationship; optional for business reporting. Population was not profiled. Child reference is required by schema. This does not mean every parent has a child.
Lead,LastModifiedById,User,Id,N:1,Standard reference,False,,7,support,True,Administrative relationship; optional for business reporting. Population was not profiled. Child reference is required by schema. This does not mean every parent has a child.
Lead,IndividualId,Individual,Id,N:1,Standard reference,True,0,7,support,False,Target is outside the described Tableau scope; target rows were not profiled.
Membership_Item_Price__c,CreatedById,User,Id,N:1,Standard reference,False,,0,support,True,Administrative relationship; optional for business reporting. Population was not profiled. Child reference is required by schema. This does not mean every parent has a child. Child table is currently empty; this is an available schema relationship.
Membership_Item_Price__c,LastModifiedById,User,Id,N:1,Standard reference,False,,0,support,True,Administrative relationship; optional for business reporting. Population was not profiled. Child reference is required by schema. This does not mean every parent has a child. Child table is currently empty; this is an available schema relationship.
Membership_Item_Price__c,Audience_Sub_Category__c,Audience_Sub_Category__c,Id,N:1,Lookup,True,0,0,core,False,Child table is currently empty; this is an available schema relationship.
Membership_Item_Price__c,Membership_Item__c,Membership_Item__c,Id,N:1,Master-detail,False,0,0,core,False,Child reference is required by schema. This does not mean every parent has a child. Child table is currently empty; this is an available schema relationship.
Membership_Item__c,CreatedById,User,Id,N:1,Standard reference,False,,13,support,True,Administrative relationship; optional for business reporting. Population was not profiled. Child reference is required by schema. This does not mean every parent has a child.
Membership_Item__c,LastModifiedById,User,Id,N:1,Standard reference,False,,13,support,True,Administrative relationship; optional for business reporting. Population was not profiled. Child reference is required by schema. This does not mean every parent has a child.
Membership_Item__c,Membership__c,Membership__c,Id,N:1,Master-detail,False,13,13,core,False,Child reference is required by schema. This does not mean every parent has a child.
Membership__c,OwnerId,Group,Id,N:1 per target type,Polymorphic reference,False,,13,support,True,"Administrative relationship; optional for business reporting. Population was not profiled. One field can reference one of Group, User. Coverage is field-level across all targets; isolate the target type before joining. Target is outside the described Tableau scope; target rows were not profiled. Child reference is required by schema. This does not mean every parent has a child."
Membership__c,OwnerId,User,Id,N:1 per target type,Polymorphic reference,False,,13,support,True,"Administrative relationship; optional for business reporting. Population was not profiled. One field can reference one of Group, User. Coverage is field-level across all targets; isolate the target type before joining. Child reference is required by schema. This does not mean every parent has a child."
Membership__c,CreatedById,User,Id,N:1,Standard reference,False,,13,support,True,Administrative relationship; optional for business reporting. Population was not profiled. Child reference is required by schema. This does not mean every parent has a child.
Membership__c,LastModifiedById,User,Id,N:1,Standard reference,False,,13,support,True,Administrative relationship; optional for business reporting. Population was not profiled. Child reference is required by schema. This does not mean every parent has a child.
Membership__c,Inventory__c,Inventory__c,Id,N:1,Lookup,True,13,13,core,False,
Opportunity,AccountId,Account,Id,N:1,Standard reference,True,50,50,support,False,
Opportunity,CampaignId,Campaign,Id,N:1,Standard reference,True,8,50,support,False,
Opportunity,Pricebook2Id,Pricebook2,Id,N:1,Standard reference,True,12,50,support,False,
Opportunity,OwnerId,User,Id,N:1,Standard reference,False,,50,support,True,Administrative relationship; optional for business reporting. Population was not profiled. Child reference is required by schema. This does not mean every parent has a child.
Opportunity,CreatedById,User,Id,N:1,Standard reference,False,,50,support,True,Administrative relationship; optional for business reporting. Population was not profiled. Child reference is required by schema. This does not mean every parent has a child.
Opportunity,LastModifiedById,User,Id,N:1,Standard reference,False,,50,support,True,Administrative relationship; optional for business reporting. Population was not profiled. Child reference is required by schema. This does not mean every parent has a child.
Opportunity,ContactId,Contact,Id,N:1,Standard reference,True,6,50,support,False,
Opportunity,SyncedQuoteId,Quote,Id,N:1,Standard reference,True,0,50,support,False,Target is outside the described Tableau scope; target rows were not profiled.
Opportunity,ContractId,Contract,Id,N:1,Standard reference,True,0,50,support,False,
Opportunity,LastAmountChangedHistoryId,OpportunityHistory,Id,N:1,Standard reference,True,0,50,support,False,Target is outside the described Tableau scope; target rows were not profiled.
Opportunity,LastCloseDateChangedHistoryId,OpportunityHistory,Id,N:1,Standard reference,True,0,50,support,False,Target is outside the described Tableau scope; target rows were not profiled.
OpportunityLineItem,OpportunityId,Opportunity,Id,N:1,Standard reference,False,0,0,support,False,Child reference is required by schema. This does not mean every parent has a child. Child table is currently empty; this is an available schema relationship.
OpportunityLineItem,PricebookEntryId,PricebookEntry,Id,N:1,Standard reference,True,0,0,support,False,Child table is currently empty; this is an available schema relationship.
OpportunityLineItem,Product2Id,Product2,Id,N:1,Standard reference,True,0,0,support,False,Child table is currently empty; this is an available schema relationship.
OpportunityLineItem,CreatedById,User,Id,N:1,Standard reference,False,,0,support,True,Administrative relationship; optional for business reporting. Population was not profiled. Child reference is required by schema. This does not mean every parent has a child. Child table is currently empty; this is an available schema relationship.
OpportunityLineItem,LastModifiedById,User,Id,N:1,Standard reference,False,,0,support,True,Administrative relationship; optional for business reporting. Population was not profiled. Child reference is required by schema. This does not mean every parent has a child. Child table is currently empty; this is an available schema relationship.
Order,OwnerId,Group,Id,N:1 per target type,Polymorphic reference,False,,409280,support,True,"Administrative relationship; optional for business reporting. Population was not profiled. One field can reference one of Group, User. Coverage is field-level across all targets; isolate the target type before joining. Target is outside the described Tableau scope; target rows were not profiled. Child reference is required by schema. This does not mean every parent has a child."
Order,OwnerId,User,Id,N:1 per target type,Polymorphic reference,False,,409280,support,True,"Administrative relationship; optional for business reporting. Population was not profiled. One field can reference one of Group, User. Coverage is field-level across all targets; isolate the target type before joining. Child reference is required by schema. This does not mean every parent has a child."
Order,ContractId,Contract,Id,N:1,Standard reference,True,0,409280,support,False,
Order,AccountId,Account,Id,N:1,Standard reference,True,409280,409280,core,False,"Order purchaser role, including anonymous fallback accounts."
Order,Pricebook2Id,Pricebook2,Id,N:1,Standard reference,True,0,409280,support,False,
Order,OriginalOrderId,Order,Id,N:1,Standard reference,True,0,409280,core,False,
Order,OpportunityId,Opportunity,Id,N:1,Standard reference,True,0,409280,support,False,
Order,QuoteId,Quote,Id,N:1,Standard reference,True,0,409280,support,False,Target is outside the described Tableau scope; target rows were not profiled.
Order,CustomerAuthorizedById,Contact,Id,N:1,Standard reference,True,0,409280,support,False,
Order,CompanyAuthorizedById,User,Id,N:1,Standard reference,True,0,409280,support,False,
Order,BillToContactId,Contact,Id,N:1,Standard reference,True,0,409280,support,False,
Order,ShipToContactId,Contact,Id,N:1,Standard reference,True,0,409280,support,False,
Order,ActivatedById,User,Id,N:1,Standard reference,True,0,409280,support,False,
Order,CreatedById,User,Id,N:1,Standard reference,False,,409280,support,True,Administrative relationship; optional for business reporting. Population was not profiled. Child reference is required by schema. This does not mean every parent has a child.
Order,LastModifiedById,User,Id,N:1,Standard reference,False,,409280,support,True,Administrative relationship; optional for business reporting. Population was not profiled. Child reference is required by schema. This does not mean every parent has a child.
OrderItem,Product2Id,Product2,Id,N:1,Standard reference,True,0,0,support,False,Child table is currently empty; this is an available schema relationship.
OrderItem,OrderId,Order,Id,N:1,Standard reference,False,0,0,support,False,Child reference is required by schema. This does not mean every parent has a child. Child table is currently empty; this is an available schema relationship.
OrderItem,PricebookEntryId,PricebookEntry,Id,N:1,Standard reference,False,0,0,support,False,Child reference is required by schema. This does not mean every parent has a child. Child table is currently empty; this is an available schema relationship.
OrderItem,OriginalOrderItemId,OrderItem,Id,N:1,Standard reference,True,0,0,support,False,Child table is currently empty; this is an available schema relationship.
OrderItem,CreatedById,User,Id,N:1,Standard reference,False,,0,support,True,Administrative relationship; optional for business reporting. Population was not profiled. Child reference is required by schema. This does not mean every parent has a child. Child table is currently empty; this is an available schema relationship.
OrderItem,LastModifiedById,User,Id,N:1,Standard reference,False,,0,support,True,Administrative relationship; optional for business reporting. Population was not profiled. Child reference is required by schema. This does not mean every parent has a child. Child table is currently empty; this is an available schema relationship.
Order_Movement_Data__c,OwnerId,Group,Id,N:1 per target type,Polymorphic reference,False,,1073649,support,True,"Administrative relationship; optional for business reporting. Population was not profiled. One field can reference one of Group, User. Coverage is field-level across all targets; isolate the target type before joining. Target is outside the described Tableau scope; target rows were not profiled. Child reference is required by schema. This does not mean every parent has a child."
Order_Movement_Data__c,OwnerId,User,Id,N:1 per target type,Polymorphic reference,False,,1073649,support,True,"Administrative relationship; optional for business reporting. Population was not profiled. One field can reference one of Group, User. Coverage is field-level across all targets; isolate the target type before joining. Child reference is required by schema. This does not mean every parent has a child."
Order_Movement_Data__c,CreatedById,User,Id,N:1,Standard reference,False,,1073649,support,True,Administrative relationship; optional for business reporting. Population was not profiled. Child reference is required by schema. This does not mean every parent has a child.
Order_Movement_Data__c,LastModifiedById,User,Id,N:1,Standard reference,False,,1073649,support,True,Administrative relationship; optional for business reporting. Population was not profiled. Child reference is required by schema. This does not mean every parent has a child.
Order_Movement_Data__c,Account__c,Account,Id,N:1,Lookup,True,889264,1073649,core,False,Movement holder role; may differ from the order purchaser.
Order_Movement_Data__c,Order_Operation_Data__c,Order_Operation_Data__c,Id,N:1,Lookup,True,1073649,1073649,core,False,
Order_Movement_Data__c,Order__c,Order,Id,N:1,Lookup,True,1073649,1073649,core,False,
Order_Operation_Data__c,OwnerId,Group,Id,N:1 per target type,Polymorphic reference,False,,934482,support,True,"Administrative relationship; optional for business reporting. Population was not profiled. One field can reference one of Group, User. Coverage is field-level across all targets; isolate the target type before joining. Target is outside the described Tableau scope; target rows were not profiled. Child reference is required by schema. This does not mean every parent has a child."
Order_Operation_Data__c,OwnerId,User,Id,N:1 per target type,Polymorphic reference,False,,934482,support,True,"Administrative relationship; optional for business reporting. Population was not profiled. One field can reference one of Group, User. Coverage is field-level across all targets; isolate the target type before joining. Child reference is required by schema. This does not mean every parent has a child."
Order_Operation_Data__c,CreatedById,User,Id,N:1,Standard reference,False,,934482,support,True,Administrative relationship; optional for business reporting. Population was not profiled. Child reference is required by schema. This does not mean every parent has a child.
Order_Operation_Data__c,LastModifiedById,User,Id,N:1,Standard reference,False,,934482,support,True,Administrative relationship; optional for business reporting. Population was not profiled. Child reference is required by schema. This does not mean every parent has a child.
Order_Operation_Data__c,Inventory__c,Inventory__c,Id,N:1,Lookup,True,324527,934482,core,False,
Order_Operation_Data__c,Order__c,Order,Id,N:1,Lookup,True,934482,934482,core,False,
Order_Operation_Data__c,Parent_Operation__c,Order_Operation_Data__c,Id,N:1,Lookup,True,371316,934482,core,False,
Pack__c,OwnerId,Group,Id,N:1 per target type,Polymorphic reference,False,,35,support,True,"Administrative relationship; optional for business reporting. Population was not profiled. One field can reference one of Group, User. Coverage is field-level across all targets; isolate the target type before joining. Target is outside the described Tableau scope; target rows were not profiled. Child reference is required by schema. This does not mean every parent has a child."
Pack__c,OwnerId,User,Id,N:1 per target type,Polymorphic reference,False,,35,support,True,"Administrative relationship; optional for business reporting. Population was not profiled. One field can reference one of Group, User. Coverage is field-level across all targets; isolate the target type before joining. Child reference is required by schema. This does not mean every parent has a child."
Pack__c,CreatedById,User,Id,N:1,Standard reference,False,,35,support,True,Administrative relationship; optional for business reporting. Population was not profiled. Child reference is required by schema. This does not mean every parent has a child.
Pack__c,LastModifiedById,User,Id,N:1,Standard reference,False,,35,support,True,Administrative relationship; optional for business reporting. Population was not profiled. Child reference is required by schema. This does not mean every parent has a child.
Pack__c,Inventory__c,Inventory__c,Id,N:1,Lookup,True,35,35,core,False,
Package_Line__c,CreatedById,User,Id,N:1,Standard reference,False,,112,support,True,Administrative relationship; optional for business reporting. Population was not profiled. Child reference is required by schema. This does not mean every parent has a child.
Package_Line__c,LastModifiedById,User,Id,N:1,Standard reference,False,,112,support,True,Administrative relationship; optional for business reporting. Population was not profiled. Child reference is required by schema. This does not mean every parent has a child.
Package_Line__c,Forced_Audience_Sub_Category__c,Audience_Sub_Category__c,Id,N:1,Lookup,True,101,112,core,False,
Package_Line__c,Pack__c,Pack__c,Id,N:1,Master-detail,False,112,112,core,False,Child reference is required by schema. This does not mean every parent has a child.
Package_Line__c,Parent_Package_Line__c,Package_Line__c,Id,N:1,Lookup,True,0,112,core,False,
Package_Line__c,Target_Inventory__c,Inventory__c,Id,N:1,Lookup,True,112,112,core,False,
Performance_Price_Charge__c,CreatedById,User,Id,N:1,Standard reference,False,,0,support,True,Administrative relationship; optional for business reporting. Population was not profiled. Child reference is required by schema. This does not mean every parent has a child. Child table is currently empty; this is an available schema relationship.
Performance_Price_Charge__c,LastModifiedById,User,Id,N:1,Standard reference,False,,0,support,True,Administrative relationship; optional for business reporting. Population was not profiled. Child reference is required by schema. This does not mean every parent has a child. Child table is currently empty; this is an available schema relationship.
Performance_Price_Charge__c,Charge_Component__c,Charge_Component__c,Id,N:1,Lookup,True,0,0,core,False,Child table is currently empty; this is an available schema relationship.
Performance_Price_Charge__c,Performance_Price__c,Performance_Price__c,Id,N:1,Master-detail,False,0,0,core,False,Child reference is required by schema. This does not mean every parent has a child. Child table is currently empty; this is an available schema relationship.
Performance_Price__c,CreatedById,User,Id,N:1,Standard reference,False,,2936,support,True,Administrative relationship; optional for business reporting. Population was not profiled. Child reference is required by schema. This does not mean every parent has a child.
Performance_Price__c,LastModifiedById,User,Id,N:1,Standard reference,False,,2936,support,True,Administrative relationship; optional for business reporting. Population was not profiled. Child reference is required by schema. This does not mean every parent has a child.
Performance_Price__c,Audience_Sub_Category__c,Audience_Sub_Category__c,Id,N:1,Lookup,True,2936,2936,core,False,
Performance_Price__c,Performance__c,Performance__c,Id,N:1,Master-detail,False,2936,2936,core,False,Child reference is required by schema. This does not mean every parent has a child.
Performance_Price__c,Seat_Category__c,Seat_Category__c,Id,N:1,Lookup,True,0,2936,core,False,
Performance_Seat_Category__c,CreatedById,User,Id,N:1,Standard reference,False,,1374,support,True,Administrative relationship; optional for business reporting. Population was not profiled. Child reference is required by schema. This does not mean every parent has a child.
Performance_Seat_Category__c,LastModifiedById,User,Id,N:1,Standard reference,False,,1374,support,True,Administrative relationship; optional for business reporting. Population was not profiled. Child reference is required by schema. This does not mean every parent has a child.
Performance_Seat_Category__c,Performance__c,Performance__c,Id,N:1,Master-detail,False,1374,1374,core,False,Child reference is required by schema. This does not mean every parent has a child.
Performance_Seat_Category__c,Seat_Category__c,Seat_Category__c,Id,N:1,Lookup,False,1374,1374,core,False,Child reference is required by schema. This does not mean every parent has a child.
Performance__c,OwnerId,Group,Id,N:1 per target type,Polymorphic reference,False,,3414,support,True,"Administrative relationship; optional for business reporting. Population was not profiled. One field can reference one of Group, User. Coverage is field-level across all targets; isolate the target type before joining. Target is outside the described Tableau scope; target rows were not profiled. Child reference is required by schema. This does not mean every parent has a child."
Performance__c,OwnerId,User,Id,N:1 per target type,Polymorphic reference,False,,3414,support,True,"Administrative relationship; optional for business reporting. Population was not profiled. One field can reference one of Group, User. Coverage is field-level across all targets; isolate the target type before joining. Child reference is required by schema. This does not mean every parent has a child."
Performance__c,CreatedById,User,Id,N:1,Standard reference,False,,3414,support,True,Administrative relationship; optional for business reporting. Population was not profiled. Child reference is required by schema. This does not mean every parent has a child.
Performance__c,LastModifiedById,User,Id,N:1,Standard reference,False,,3414,support,True,Administrative relationship; optional for business reporting. Population was not profiled. Child reference is required by schema. This does not mean every parent has a child.
Performance__c,Inventory_Event__c,Inventory_Event__c,Id,N:1,Lookup,True,3414,3414,core,False,
Performance__c,Venue_Location__c,Venue_Location__c,Id,N:1,Lookup,True,506,3414,core,False,
Pricebook2,CreatedById,User,Id,N:1,Standard reference,False,,1,support,True,Administrative relationship; optional for business reporting. Population was not profiled. Child reference is required by schema. This does not mean every parent has a child.
Pricebook2,LastModifiedById,User,Id,N:1,Standard reference,False,,1,support,True,Administrative relationship; optional for business reporting. Population was not profiled. Child reference is required by schema. This does not mean every parent has a child.
PricebookEntry,Pricebook2Id,Pricebook2,Id,N:1,Standard reference,False,0,0,support,False,Child reference is required by schema. This does not mean every parent has a child. Child table is currently empty; this is an available schema relationship.
PricebookEntry,Product2Id,Product2,Id,N:1,Standard reference,False,0,0,support,False,Child reference is required by schema. This does not mean every parent has a child. Child table is currently empty; this is an available schema relationship.
PricebookEntry,CreatedById,User,Id,N:1,Standard reference,False,,0,support,True,Administrative relationship; optional for business reporting. Population was not profiled. Child reference is required by schema. This does not mean every parent has a child. Child table is currently empty; this is an available schema relationship.
PricebookEntry,LastModifiedById,User,Id,N:1,Standard reference,False,,0,support,True,Administrative relationship; optional for business reporting. Population was not profiled. Child reference is required by schema. This does not mean every parent has a child. Child table is currently empty; this is an available schema relationship.
Product2,CreatedById,User,Id,N:1,Standard reference,False,,0,support,True,Administrative relationship; optional for business reporting. Population was not profiled. Child reference is required by schema. This does not mean every parent has a child. Child table is currently empty; this is an available schema relationship.
Product2,LastModifiedById,User,Id,N:1,Standard reference,False,,0,support,True,Administrative relationship; optional for business reporting. Population was not profiled. Child reference is required by schema. This does not mean every parent has a child. Child table is currently empty; this is an available schema relationship.
Product2,ExternalDataSourceId,ExternalDataSource,Id,N:1,Standard reference,True,0,0,support,False,Target is outside the described Tableau scope; target rows were not profiled. Child table is currently empty; this is an available schema relationship.
RecordType,BusinessProcessId,BusinessProcess,Id,N:1,Standard reference,True,0,10,support,False,Target is outside the described Tableau scope; target rows were not profiled.
RecordType,CreatedById,User,Id,N:1,Standard reference,False,,10,support,True,Administrative relationship; optional for business reporting. Population was not profiled. Child reference is required by schema. This does not mean every parent has a child.
RecordType,LastModifiedById,User,Id,N:1,Standard reference,False,,10,support,True,Administrative relationship; optional for business reporting. Population was not profiled. Child reference is required by schema. This does not mean every parent has a child.
Sale_Period_Audience__c,CreatedById,User,Id,N:1,Standard reference,False,,1660,support,True,Administrative relationship; optional for business reporting. Population was not profiled. Child reference is required by schema. This does not mean every parent has a child.
Sale_Period_Audience__c,LastModifiedById,User,Id,N:1,Standard reference,False,,1660,support,True,Administrative relationship; optional for business reporting. Population was not profiled. Child reference is required by schema. This does not mean every parent has a child.
Sale_Period_Audience__c,Audience_Sub_Category__c,Audience_Sub_Category__c,Id,N:1,Lookup,True,1660,1660,core,False,
Sale_Period_Audience__c,Sale_Period__c,Sale_Period__c,Id,N:1,Master-detail,False,1660,1660,core,False,Child reference is required by schema. This does not mean every parent has a child.
Sale_Period_Seat_Category__c,CreatedById,User,Id,N:1,Standard reference,False,,5326,support,True,Administrative relationship; optional for business reporting. Population was not profiled. Child reference is required by schema. This does not mean every parent has a child.
Sale_Period_Seat_Category__c,LastModifiedById,User,Id,N:1,Standard reference,False,,5326,support,True,Administrative relationship; optional for business reporting. Population was not profiled. Child reference is required by schema. This does not mean every parent has a child.
Sale_Period_Seat_Category__c,Sale_Period__c,Sale_Period__c,Id,N:1,Master-detail,False,5326,5326,core,False,Child reference is required by schema. This does not mean every parent has a child.
Sale_Period__c,OwnerId,Group,Id,N:1 per target type,Polymorphic reference,False,,476,support,True,"Administrative relationship; optional for business reporting. Population was not profiled. One field can reference one of Group, User. Coverage is field-level across all targets; isolate the target type before joining. Target is outside the described Tableau scope; target rows were not profiled. Child reference is required by schema. This does not mean every parent has a child."
Sale_Period__c,OwnerId,User,Id,N:1 per target type,Polymorphic reference,False,,476,support,True,"Administrative relationship; optional for business reporting. Population was not profiled. One field can reference one of Group, User. Coverage is field-level across all targets; isolate the target type before joining. Child reference is required by schema. This does not mean every parent has a child."
Sale_Period__c,CreatedById,User,Id,N:1,Standard reference,False,,476,support,True,Administrative relationship; optional for business reporting. Population was not profiled. Child reference is required by schema. This does not mean every parent has a child.
Sale_Period__c,LastModifiedById,User,Id,N:1,Standard reference,False,,476,support,True,Administrative relationship; optional for business reporting. Population was not profiled. Child reference is required by schema. This does not mean every parent has a child.
Sale_Period__c,Inventory__c,Inventory__c,Id,N:1,Lookup,True,14,476,core,False,Alternative parent role determined by Parent_Type__c; do not require all three parent fields.
Sale_Period__c,Membership_Item_Price__c,Membership_Item_Price__c,Id,N:1,Lookup,True,0,476,core,False,Alternative parent role determined by Parent_Type__c; do not require all three parent fields.
Sale_Period__c,Performance__c,Performance__c,Id,N:1,Lookup,True,462,476,core,False,Alternative parent role determined by Parent_Type__c; do not require all three parent fields.
Sale_Period__c,Sales_Channel__c,Sales_Channel__c,Id,N:1,Lookup,True,476,476,core,False,
Sales_Channel__c,OwnerId,Group,Id,N:1 per target type,Polymorphic reference,False,,1,support,True,"Administrative relationship; optional for business reporting. Population was not profiled. One field can reference one of Group, User. Coverage is field-level across all targets; isolate the target type before joining. Target is outside the described Tableau scope; target rows were not profiled. Child reference is required by schema. This does not mean every parent has a child."
Sales_Channel__c,OwnerId,User,Id,N:1 per target type,Polymorphic reference,False,,1,support,True,"Administrative relationship; optional for business reporting. Population was not profiled. One field can reference one of Group, User. Coverage is field-level across all targets; isolate the target type before joining. Child reference is required by schema. This does not mean every parent has a child."
Sales_Channel__c,CreatedById,User,Id,N:1,Standard reference,False,,1,support,True,Administrative relationship; optional for business reporting. Population was not profiled. Child reference is required by schema. This does not mean every parent has a child.
Sales_Channel__c,LastModifiedById,User,Id,N:1,Standard reference,False,,1,support,True,Administrative relationship; optional for business reporting. Population was not profiled. Child reference is required by schema. This does not mean every parent has a child.
Season_Ticket_Line__c,CreatedById,User,Id,N:1,Standard reference,False,,612,support,True,Administrative relationship; optional for business reporting. Population was not profiled. Child reference is required by schema. This does not mean every parent has a child.
Season_Ticket_Line__c,LastModifiedById,User,Id,N:1,Standard reference,False,,612,support,True,Administrative relationship; optional for business reporting. Population was not profiled. Child reference is required by schema. This does not mean every parent has a child.
Season_Ticket_Line__c,Season_Ticket__c,Season_Ticket__c,Id,N:1,Master-detail,False,612,612,core,False,Child reference is required by schema. This does not mean every parent has a child.
Season_Ticket_Line__c,Subject__c,Season_Ticket_Subject__c,Id,N:1,Lookup,True,0,612,core,False,
Season_Ticket_Line__c,Target_Inventory__c,Inventory__c,Id,N:1,Lookup,True,612,612,core,False,
Season_Ticket_Subject__c,CreatedById,User,Id,N:1,Standard reference,False,,0,support,True,Administrative relationship; optional for business reporting. Population was not profiled. Child reference is required by schema. This does not mean every parent has a child. Child table is currently empty; this is an available schema relationship.
Season_Ticket_Subject__c,LastModifiedById,User,Id,N:1,Standard reference,False,,0,support,True,Administrative relationship; optional for business reporting. Population was not profiled. Child reference is required by schema. This does not mean every parent has a child. Child table is currently empty; this is an available schema relationship.
Season_Ticket_Subject__c,Season_Ticket__c,Season_Ticket__c,Id,N:1,Master-detail,False,0,0,core,False,Child reference is required by schema. This does not mean every parent has a child. Child table is currently empty; this is an available schema relationship.
Season_Ticket__c,OwnerId,Group,Id,N:1 per target type,Polymorphic reference,False,,44,support,True,"Administrative relationship; optional for business reporting. Population was not profiled. One field can reference one of Group, User. Coverage is field-level across all targets; isolate the target type before joining. Target is outside the described Tableau scope; target rows were not profiled. Child reference is required by schema. This does not mean every parent has a child."
Season_Ticket__c,OwnerId,User,Id,N:1 per target type,Polymorphic reference,False,,44,support,True,"Administrative relationship; optional for business reporting. Population was not profiled. One field can reference one of Group, User. Coverage is field-level across all targets; isolate the target type before joining. Child reference is required by schema. This does not mean every parent has a child."
Season_Ticket__c,CreatedById,User,Id,N:1,Standard reference,False,,44,support,True,Administrative relationship; optional for business reporting. Population was not profiled. Child reference is required by schema. This does not mean every parent has a child.
Season_Ticket__c,LastModifiedById,User,Id,N:1,Standard reference,False,,44,support,True,Administrative relationship; optional for business reporting. Population was not profiled. Child reference is required by schema. This does not mean every parent has a child.
Season_Ticket__c,Inventory__c,Inventory__c,Id,N:1,Lookup,True,44,44,core,False,
Seat_Category__c,OwnerId,Group,Id,N:1 per target type,Polymorphic reference,False,,30,support,True,"Administrative relationship; optional for business reporting. Population was not profiled. One field can reference one of Group, User. Coverage is field-level across all targets; isolate the target type before joining. Target is outside the described Tableau scope; target rows were not profiled. Child reference is required by schema. This does not mean every parent has a child."
Seat_Category__c,OwnerId,User,Id,N:1 per target type,Polymorphic reference,False,,30,support,True,"Administrative relationship; optional for business reporting. Population was not profiled. One field can reference one of Group, User. Coverage is field-level across all targets; isolate the target type before joining. Child reference is required by schema. This does not mean every parent has a child."
Seat_Category__c,CreatedById,User,Id,N:1,Standard reference,False,,30,support,True,Administrative relationship; optional for business reporting. Population was not profiled. Child reference is required by schema. This does not mean every parent has a child.
Seat_Category__c,LastModifiedById,User,Id,N:1,Standard reference,False,,30,support,True,Administrative relationship; optional for business reporting. Population was not profiled. Child reference is required by schema. This does not mean every parent has a child.
User,UserRoleId,UserRole,Id,N:1,Standard reference,True,0,13,support,False,Target is outside the described Tableau scope; target rows were not profiled.
User,ProfileId,Profile,Id,N:1,Standard reference,False,13,13,support,False,Target is outside the described Tableau scope; target rows were not profiled. Child reference is required by schema. This does not mean every parent has a child.
User,DelegatedApproverId,Group,Id,N:1 per target type,Polymorphic reference,True,0,13,support,False,"One field can reference one of Group, User. Coverage is field-level across all targets; isolate the target type before joining. Target is outside the described Tableau scope; target rows were not profiled."
User,DelegatedApproverId,User,Id,N:1 per target type,Polymorphic reference,True,0,13,support,False,"One field can reference one of Group, User. Coverage is field-level across all targets; isolate the target type before joining."
User,ManagerId,User,Id,N:1,Standard reference,True,0,13,support,False,
User,CreatedById,User,Id,N:1,Standard reference,False,,13,support,True,Administrative relationship; optional for business reporting. Population was not profiled. Child reference is required by schema. This does not mean every parent has a child.
User,LastModifiedById,User,Id,N:1,Standard reference,False,,13,support,True,Administrative relationship; optional for business reporting. Population was not profiled. Child reference is required by schema. This does not mean every parent has a child.
User,ContactId,Contact,Id,N:1,Standard reference,True,0,13,support,False,
User,AccountId,Account,Id,N:1,Standard reference,True,0,13,support,False,
User,CallCenterId,CallCenter,Id,N:1,Standard reference,True,0,13,support,False,Target is outside the described Tableau scope; target rows were not profiled.
User,IndividualId,Individual,Id,N:1,Standard reference,True,0,13,support,False,Target is outside the described Tableau scope; target rows were not profiled.
Venue_Location__c,OwnerId,Group,Id,N:1 per target type,Polymorphic reference,False,,9,support,True,"Administrative relationship; optional for business reporting. Population was not profiled. One field can reference one of Group, User. Coverage is field-level across all targets; isolate the target type before joining. Target is outside the described Tableau scope; target rows were not profiled. Child reference is required by schema. This does not mean every parent has a child."
Venue_Location__c,OwnerId,User,Id,N:1 per target type,Polymorphic reference,False,,9,support,True,"Administrative relationship; optional for business reporting. Population was not profiled. One field can reference one of Group, User. Coverage is field-level across all targets; isolate the target type before joining. Child reference is required by schema. This does not mean every parent has a child."
Venue_Location__c,CreatedById,User,Id,N:1,Standard reference,False,,9,support,True,Administrative relationship; optional for business reporting. Population was not profiled. Child reference is required by schema. This does not mean every parent has a child.
Venue_Location__c,LastModifiedById,User,Id,N:1,Standard reference,False,,9,support,True,Administrative relationship; optional for business reporting. Population was not profiled. Child reference is required by schema. This does not mean every parent has a child.
et4ae5__AggregateLink__c,OwnerId,Group,Id,N:1 per target type,Polymorphic reference,False,,0,support,True,"Administrative relationship; optional for business reporting. Population was not profiled. One field can reference one of Group, User. Coverage is field-level across all targets; isolate the target type before joining. Target is outside the described Tableau scope; target rows were not profiled. Child reference is required by schema. This does not mean every parent has a child. Child table is currently empty; this is an available schema relationship."
et4ae5__AggregateLink__c,OwnerId,User,Id,N:1 per target type,Polymorphic reference,False,,0,support,True,"Administrative relationship; optional for business reporting. Population was not profiled. One field can reference one of Group, User. Coverage is field-level across all targets; isolate the target type before joining. Child reference is required by schema. This does not mean every parent has a child. Child table is currently empty; this is an available schema relationship."
et4ae5__AggregateLink__c,CreatedById,User,Id,N:1,Standard reference,False,,0,support,True,Administrative relationship; optional for business reporting. Population was not profiled. Child reference is required by schema. This does not mean every parent has a child. Child table is currently empty; this is an available schema relationship.
et4ae5__AggregateLink__c,LastModifiedById,User,Id,N:1,Standard reference,False,,0,support,True,Administrative relationship; optional for business reporting. Population was not profiled. Child reference is required by schema. This does not mean every parent has a child. Child table is currently empty; this is an available schema relationship.
et4ae5__AggregateLink__c,et4ae5__Send_Definition__c,et4ae5__SendDefinition__c,Id,N:1,Lookup,True,0,0,support,False,Child table is currently empty; this is an available schema relationship.
et4ae5__AggregateLink__c,et4ae5__TriggeredSendDefinition__c,et4ae5__Automated_Send__c,Id,N:1,Lookup,True,0,0,support,False,Child table is currently empty; this is an available schema relationship.
et4ae5__Automated_Send__c,OwnerId,Group,Id,N:1 per target type,Polymorphic reference,False,,0,support,True,"Administrative relationship; optional for business reporting. Population was not profiled. One field can reference one of Group, User. Coverage is field-level across all targets; isolate the target type before joining. Target is outside the described Tableau scope; target rows were not profiled. Child reference is required by schema. This does not mean every parent has a child. Child table is currently empty; this is an available schema relationship."
et4ae5__Automated_Send__c,OwnerId,User,Id,N:1 per target type,Polymorphic reference,False,,0,support,True,"Administrative relationship; optional for business reporting. Population was not profiled. One field can reference one of Group, User. Coverage is field-level across all targets; isolate the target type before joining. Child reference is required by schema. This does not mean every parent has a child. Child table is currently empty; this is an available schema relationship."
et4ae5__Automated_Send__c,RecordTypeId,RecordType,Id,N:1,Standard reference,True,0,0,support,False,Child table is currently empty; this is an available schema relationship.
et4ae5__Automated_Send__c,CreatedById,User,Id,N:1,Standard reference,False,,0,support,True,Administrative relationship; optional for business reporting. Population was not profiled. Child reference is required by schema. This does not mean every parent has a child. Child table is currently empty; this is an available schema relationship.
et4ae5__Automated_Send__c,LastModifiedById,User,Id,N:1,Standard reference,False,,0,support,True,Administrative relationship; optional for business reporting. Population was not profiled. Child reference is required by schema. This does not mean every parent has a child. Child table is currently empty; this is an available schema relationship.
et4ae5__Automated_Send__c,et4ae5__Business_Unit__c,et4ae5__Business_Unit__c,Id,N:1,Lookup,True,0,0,support,False,Child table is currently empty; this is an available schema relationship.
et4ae5__Business_Unit__c,OwnerId,Group,Id,N:1 per target type,Polymorphic reference,False,,1,support,True,"Administrative relationship; optional for business reporting. Population was not profiled. One field can reference one of Group, User. Coverage is field-level across all targets; isolate the target type before joining. Target is outside the described Tableau scope; target rows were not profiled. Child reference is required by schema. This does not mean every parent has a child."
et4ae5__Business_Unit__c,OwnerId,User,Id,N:1 per target type,Polymorphic reference,False,,1,support,True,"Administrative relationship; optional for business reporting. Population was not profiled. One field can reference one of Group, User. Coverage is field-level across all targets; isolate the target type before joining. Child reference is required by schema. This does not mean every parent has a child."
et4ae5__Business_Unit__c,CreatedById,User,Id,N:1,Standard reference,False,,1,support,True,Administrative relationship; optional for business reporting. Population was not profiled. Child reference is required by schema. This does not mean every parent has a child.
et4ae5__Business_Unit__c,LastModifiedById,User,Id,N:1,Standard reference,False,,1,support,True,Administrative relationship; optional for business reporting. Population was not profiled. Child reference is required by schema. This does not mean every parent has a child.
et4ae5__Campaign_Member_Configuration__c,OwnerId,Group,Id,N:1 per target type,Polymorphic reference,False,,1,support,True,"Administrative relationship; optional for business reporting. Population was not profiled. One field can reference one of Group, User. Coverage is field-level across all targets; isolate the target type before joining. Target is outside the described Tableau scope; target rows were not profiled. Child reference is required by schema. This does not mean every parent has a child."
et4ae5__Campaign_Member_Configuration__c,OwnerId,User,Id,N:1 per target type,Polymorphic reference,False,,1,support,True,"Administrative relationship; optional for business reporting. Population was not profiled. One field can reference one of Group, User. Coverage is field-level across all targets; isolate the target type before joining. Child reference is required by schema. This does not mean every parent has a child."
et4ae5__Campaign_Member_Configuration__c,CreatedById,User,Id,N:1,Standard reference,False,,1,support,True,Administrative relationship; optional for business reporting. Population was not profiled. Child reference is required by schema. This does not mean every parent has a child.
et4ae5__Campaign_Member_Configuration__c,LastModifiedById,User,Id,N:1,Standard reference,False,,1,support,True,Administrative relationship; optional for business reporting. Population was not profiled. Child reference is required by schema. This does not mean every parent has a child.
et4ae5__Configuration__c,OwnerId,Group,Id,N:1 per target type,Polymorphic reference,False,,1,support,True,"Administrative relationship; optional for business reporting. Population was not profiled. One field can reference one of Group, User. Coverage is field-level across all targets; isolate the target type before joining. Target is outside the described Tableau scope; target rows were not profiled. Child reference is required by schema. This does not mean every parent has a child."
et4ae5__Configuration__c,OwnerId,User,Id,N:1 per target type,Polymorphic reference,False,,1,support,True,"Administrative relationship; optional for business reporting. Population was not profiled. One field can reference one of Group, User. Coverage is field-level across all targets; isolate the target type before joining. Child reference is required by schema. This does not mean every parent has a child."
et4ae5__Configuration__c,CreatedById,User,Id,N:1,Standard reference,False,,1,support,True,Administrative relationship; optional for business reporting. Population was not profiled. Child reference is required by schema. This does not mean every parent has a child.
et4ae5__Configuration__c,LastModifiedById,User,Id,N:1,Standard reference,False,,1,support,True,Administrative relationship; optional for business reporting. Population was not profiled. Child reference is required by schema. This does not mean every parent has a child.
et4ae5__ET4AEConfig__c,SetupOwnerId,Organization,Id,N:1 per target type,Polymorphic reference,True,0,0,support,False,"One field can reference one of Organization, Profile, User. Coverage is field-level across all targets; isolate the target type before joining. Target is outside the described Tableau scope; target rows were not profiled. Child table is currently empty; this is an available schema relationship."
et4ae5__ET4AEConfig__c,SetupOwnerId,Profile,Id,N:1 per target type,Polymorphic reference,True,0,0,support,False,"One field can reference one of Organization, Profile, User. Coverage is field-level across all targets; isolate the target type before joining. Target is outside the described Tableau scope; target rows were not profiled. Child table is currently empty; this is an available schema relationship."
et4ae5__ET4AEConfig__c,SetupOwnerId,User,Id,N:1 per target type,Polymorphic reference,True,0,0,support,False,"One field can reference one of Organization, Profile, User. Coverage is field-level across all targets; isolate the target type before joining. Child table is currently empty; this is an available schema relationship."
et4ae5__ET4AEConfig__c,CreatedById,User,Id,N:1,Standard reference,False,,0,support,True,Administrative relationship; optional for business reporting. Population was not profiled. Child reference is required by schema. This does not mean every parent has a child. Child table is currently empty; this is an available schema relationship.
et4ae5__ET4AEConfig__c,LastModifiedById,User,Id,N:1,Standard reference,False,,0,support,True,Administrative relationship; optional for business reporting. Population was not profiled. Child reference is required by schema. This does not mean every parent has a child. Child table is currently empty; this is an available schema relationship.
et4ae5__ET4AE_Config__c,SetupOwnerId,Organization,Id,N:1 per target type,Polymorphic reference,True,1,1,support,False,"One field can reference one of Organization, Profile, User. Coverage is field-level across all targets; isolate the target type before joining. Target is outside the described Tableau scope; target rows were not profiled."
et4ae5__ET4AE_Config__c,SetupOwnerId,Profile,Id,N:1 per target type,Polymorphic reference,True,1,1,support,False,"One field can reference one of Organization, Profile, User. Coverage is field-level across all targets; isolate the target type before joining. Target is outside the described Tableau scope; target rows were not profiled."
et4ae5__ET4AE_Config__c,SetupOwnerId,User,Id,N:1 per target type,Polymorphic reference,True,1,1,support,False,"One field can reference one of Organization, Profile, User. Coverage is field-level across all targets; isolate the target type before joining."
et4ae5__ET4AE_Config__c,CreatedById,User,Id,N:1,Standard reference,False,,1,support,True,Administrative relationship; optional for business reporting. Population was not profiled. Child reference is required by schema. This does not mean every parent has a child.
et4ae5__ET4AE_Config__c,LastModifiedById,User,Id,N:1,Standard reference,False,,1,support,True,Administrative relationship; optional for business reporting. Population was not profiled. Child reference is required by schema. This does not mean every parent has a child.
et4ae5__Email_Linkage__c,OwnerId,Group,Id,N:1 per target type,Polymorphic reference,False,,0,support,True,"Administrative relationship; optional for business reporting. Population was not profiled. One field can reference one of Group, User. Coverage is field-level across all targets; isolate the target type before joining. Target is outside the described Tableau scope; target rows were not profiled. Child reference is required by schema. This does not mean every parent has a child. Child table is currently empty; this is an available schema relationship."
et4ae5__Email_Linkage__c,OwnerId,User,Id,N:1 per target type,Polymorphic reference,False,,0,support,True,"Administrative relationship; optional for business reporting. Population was not profiled. One field can reference one of Group, User. Coverage is field-level across all targets; isolate the target type before joining. Child reference is required by schema. This does not mean every parent has a child. Child table is currently empty; this is an available schema relationship."
et4ae5__Email_Linkage__c,CreatedById,User,Id,N:1,Standard reference,False,,0,support,True,Administrative relationship; optional for business reporting. Population was not profiled. Child reference is required by schema. This does not mean every parent has a child. Child table is currently empty; this is an available schema relationship.
et4ae5__Email_Linkage__c,LastModifiedById,User,Id,N:1,Standard reference,False,,0,support,True,Administrative relationship; optional for business reporting. Population was not profiled. Child reference is required by schema. This does not mean every parent has a child. Child table is currently empty; this is an available schema relationship.
et4ae5__IndividualEmailResult__c,OwnerId,Group,Id,N:1 per target type,Polymorphic reference,False,,0,support,True,"Administrative relationship; optional for business reporting. Population was not profiled. One field can reference one of Group, User. Coverage is field-level across all targets; isolate the target type before joining. Target is outside the described Tableau scope; target rows were not profiled. Child reference is required by schema. This does not mean every parent has a child. Child table is currently empty; this is an available schema relationship."
et4ae5__IndividualEmailResult__c,OwnerId,User,Id,N:1 per target type,Polymorphic reference,False,,0,support,True,"Administrative relationship; optional for business reporting. Population was not profiled. One field can reference one of Group, User. Coverage is field-level across all targets; isolate the target type before joining. Child reference is required by schema. This does not mean every parent has a child. Child table is currently empty; this is an available schema relationship."
et4ae5__IndividualEmailResult__c,CreatedById,User,Id,N:1,Standard reference,False,,0,support,True,Administrative relationship; optional for business reporting. Population was not profiled. Child reference is required by schema. This does not mean every parent has a child. Child table is currently empty; this is an available schema relationship.
et4ae5__IndividualEmailResult__c,LastModifiedById,User,Id,N:1,Standard reference,False,,0,support,True,Administrative relationship; optional for business reporting. Population was not profiled. Child reference is required by schema. This does not mean every parent has a child. Child table is currently empty; this is an available schema relationship.
et4ae5__IndividualEmailResult__c,et4ae5__Contact__c,Contact,Id,N:1,Lookup,True,0,0,support,False,Child table is currently empty; this is an available schema relationship.
et4ae5__IndividualEmailResult__c,et4ae5__Lead__c,Lead,Id,N:1,Lookup,True,0,0,support,False,Child table is currently empty; this is an available schema relationship.
et4ae5__IndividualEmailResult__c,et4ae5__SendDefinition__c,et4ae5__SendDefinition__c,Id,N:1,Lookup,True,0,0,support,False,Child table is currently empty; this is an available schema relationship.
et4ae5__IndividualEmailResult__c,et4ae5__TriggeredSendDefinition__c,et4ae5__Automated_Send__c,Id,N:1,Lookup,True,0,0,support,False,Child table is currently empty; this is an available schema relationship.
et4ae5__IndividualLink__c,OwnerId,Group,Id,N:1 per target type,Polymorphic reference,False,,0,support,True,"Administrative relationship; optional for business reporting. Population was not profiled. One field can reference one of Group, User. Coverage is field-level across all targets; isolate the target type before joining. Target is outside the described Tableau scope; target rows were not profiled. Child reference is required by schema. This does not mean every parent has a child. Child table is currently empty; this is an available schema relationship."
et4ae5__IndividualLink__c,OwnerId,User,Id,N:1 per target type,Polymorphic reference,False,,0,support,True,"Administrative relationship; optional for business reporting. Population was not profiled. One field can reference one of Group, User. Coverage is field-level across all targets; isolate the target type before joining. Child reference is required by schema. This does not mean every parent has a child. Child table is currently empty; this is an available schema relationship."
et4ae5__IndividualLink__c,CreatedById,User,Id,N:1,Standard reference,False,,0,support,True,Administrative relationship; optional for business reporting. Population was not profiled. Child reference is required by schema. This does not mean every parent has a child. Child table is currently empty; this is an available schema relationship.
et4ae5__IndividualLink__c,LastModifiedById,User,Id,N:1,Standard reference,False,,0,support,True,Administrative relationship; optional for business reporting. Population was not profiled. Child reference is required by schema. This does not mean every parent has a child. Child table is currently empty; this is an available schema relationship.
et4ae5__IndividualLink__c,et4ae5__Individual_Email_Result__c,et4ae5__IndividualEmailResult__c,Id,N:1,Lookup,True,0,0,support,False,Child table is currently empty; this is an available schema relationship.
et4ae5__MC_CDC_Journey__c,OwnerId,Group,Id,N:1 per target type,Polymorphic reference,False,,0,support,True,"Administrative relationship; optional for business reporting. Population was not profiled. One field can reference one of Group, User. Coverage is field-level across all targets; isolate the target type before joining. Target is outside the described Tableau scope; target rows were not profiled. Child reference is required by schema. This does not mean every parent has a child. Child table is currently empty; this is an available schema relationship."
et4ae5__MC_CDC_Journey__c,OwnerId,User,Id,N:1 per target type,Polymorphic reference,False,,0,support,True,"Administrative relationship; optional for business reporting. Population was not profiled. One field can reference one of Group, User. Coverage is field-level across all targets; isolate the target type before joining. Child reference is required by schema. This does not mean every parent has a child. Child table is currently empty; this is an available schema relationship."
et4ae5__MC_CDC_Journey__c,CreatedById,User,Id,N:1,Standard reference,False,,0,support,True,Administrative relationship; optional for business reporting. Population was not profiled. Child reference is required by schema. This does not mean every parent has a child. Child table is currently empty; this is an available schema relationship.
et4ae5__MC_CDC_Journey__c,LastModifiedById,User,Id,N:1,Standard reference,False,,0,support,True,Administrative relationship; optional for business reporting. Population was not profiled. Child reference is required by schema. This does not mean every parent has a child. Child table is currently empty; this is an available schema relationship.
et4ae5__SMSDefinition__c,OwnerId,Group,Id,N:1 per target type,Polymorphic reference,False,,0,support,True,"Administrative relationship; optional for business reporting. Population was not profiled. One field can reference one of Group, User. Coverage is field-level across all targets; isolate the target type before joining. Target is outside the described Tableau scope; target rows were not profiled. Child reference is required by schema. This does not mean every parent has a child. Child table is currently empty; this is an available schema relationship."
et4ae5__SMSDefinition__c,OwnerId,User,Id,N:1 per target type,Polymorphic reference,False,,0,support,True,"Administrative relationship; optional for business reporting. Population was not profiled. One field can reference one of Group, User. Coverage is field-level across all targets; isolate the target type before joining. Child reference is required by schema. This does not mean every parent has a child. Child table is currently empty; this is an available schema relationship."
et4ae5__SMSDefinition__c,RecordTypeId,RecordType,Id,N:1,Standard reference,True,0,0,support,False,Child table is currently empty; this is an available schema relationship.
et4ae5__SMSDefinition__c,CreatedById,User,Id,N:1,Standard reference,False,,0,support,True,Administrative relationship; optional for business reporting. Population was not profiled. Child reference is required by schema. This does not mean every parent has a child. Child table is currently empty; this is an available schema relationship.
et4ae5__SMSDefinition__c,LastModifiedById,User,Id,N:1,Standard reference,False,,0,support,True,Administrative relationship; optional for business reporting. Population was not profiled. Child reference is required by schema. This does not mean every parent has a child. Child table is currently empty; this is an available schema relationship.
et4ae5__SMSDefinition__c,et4ae5__Business_Unit__c,et4ae5__Business_Unit__c,Id,N:1,Lookup,True,0,0,support,False,Child table is currently empty; this is an available schema relationship.
et4ae5__SMSDefinition__c,et4ae5__Campaign__c,Campaign,Id,N:1,Lookup,True,0,0,support,False,Child table is currently empty; this is an available schema relationship.
et4ae5__SMSDefinition__c,et4ae5__Contact__c,Contact,Id,N:1,Lookup,True,0,0,support,False,Child table is currently empty; this is an available schema relationship.
et4ae5__SMSDefinition__c,et4ae5__ExclusionCampaign__c,Campaign,Id,N:1,Lookup,True,0,0,support,False,Child table is currently empty; this is an available schema relationship.
et4ae5__SMSDefinition__c,et4ae5__Lead__c,Lead,Id,N:1,Lookup,True,0,0,support,False,Child table is currently empty; this is an available schema relationship.
et4ae5__SMSDefinition__c,et4ae5__Opt_in_Certification_User__c,User,Id,N:1,Lookup,True,0,0,support,False,Child table is currently empty; this is an available schema relationship.
et4ae5__SMSDefinition__c,et4ae5__UEBU__c,et4ae5__UEBU__c,Id,N:1,Lookup,True,0,0,support,False,Child table is currently empty; this is an available schema relationship.
et4ae5__SMSJunction__c,CreatedById,User,Id,N:1,Standard reference,False,,0,support,True,Administrative relationship; optional for business reporting. Population was not profiled. Child reference is required by schema. This does not mean every parent has a child. Child table is currently empty; this is an available schema relationship.
et4ae5__SMSJunction__c,LastModifiedById,User,Id,N:1,Standard reference,False,,0,support,True,Administrative relationship; optional for business reporting. Population was not profiled. Child reference is required by schema. This does not mean every parent has a child. Child table is currently empty; this is an available schema relationship.
et4ae5__SMSJunction__c,et4ae5__Campaign__c,Campaign,Id,N:1,Master-detail,False,0,0,support,False,Child reference is required by schema. This does not mean every parent has a child. Child table is currently empty; this is an available schema relationship.
et4ae5__SMSJunction__c,et4ae5__SMSDefinition__c,et4ae5__SMSDefinition__c,Id,N:1,Master-detail,False,0,0,support,False,Child reference is required by schema. This does not mean every parent has a child. Child table is currently empty; this is an available schema relationship.
et4ae5__SendDefinition__c,OwnerId,Group,Id,N:1 per target type,Polymorphic reference,False,,0,support,True,"Administrative relationship; optional for business reporting. Population was not profiled. One field can reference one of Group, User. Coverage is field-level across all targets; isolate the target type before joining. Target is outside the described Tableau scope; target rows were not profiled. Child reference is required by schema. This does not mean every parent has a child. Child table is currently empty; this is an available schema relationship."
et4ae5__SendDefinition__c,OwnerId,User,Id,N:1 per target type,Polymorphic reference,False,,0,support,True,"Administrative relationship; optional for business reporting. Population was not profiled. One field can reference one of Group, User. Coverage is field-level across all targets; isolate the target type before joining. Child reference is required by schema. This does not mean every parent has a child. Child table is currently empty; this is an available schema relationship."
et4ae5__SendDefinition__c,RecordTypeId,RecordType,Id,N:1,Standard reference,True,0,0,support,False,Child table is currently empty; this is an available schema relationship.
et4ae5__SendDefinition__c,CreatedById,User,Id,N:1,Standard reference,False,,0,support,True,Administrative relationship; optional for business reporting. Population was not profiled. Child reference is required by schema. This does not mean every parent has a child. Child table is currently empty; this is an available schema relationship.
et4ae5__SendDefinition__c,LastModifiedById,User,Id,N:1,Standard reference,False,,0,support,True,Administrative relationship; optional for business reporting. Population was not profiled. Child reference is required by schema. This does not mean every parent has a child. Child table is currently empty; this is an available schema relationship.
et4ae5__SendDefinition__c,et4ae5__ABTest__c,et4ae5__abTest__c,Id,N:1,Lookup,True,0,0,support,False,Child table is currently empty; this is an available schema relationship.
et4ae5__SendDefinition__c,et4ae5__Business_Unit__c,et4ae5__Business_Unit__c,Id,N:1,Lookup,True,0,0,support,False,Child table is currently empty; this is an available schema relationship.
et4ae5__SendDefinition__c,et4ae5__Campaign__c,Campaign,Id,N:1,Lookup,True,0,0,support,False,Child table is currently empty; this is an available schema relationship.
et4ae5__SendDefinition__c,et4ae5__Contact__c,Contact,Id,N:1,Lookup,True,0,0,support,False,Child table is currently empty; this is an available schema relationship.
et4ae5__SendDefinition__c,et4ae5__ExclusionCampaign__c,Campaign,Id,N:1,Lookup,True,0,0,support,False,Child table is currently empty; this is an available schema relationship.
et4ae5__SendDefinition__c,et4ae5__Lead__c,Lead,Id,N:1,Lookup,True,0,0,support,False,Child table is currently empty; this is an available schema relationship.
et4ae5__SendDefinition__c,et4ae5__SendAutomation__c,et4ae5__Automated_Send__c,Id,N:1,Lookup,True,0,0,support,False,Child table is currently empty; this is an available schema relationship.
et4ae5__SendDefinition__c,et4ae5__UEBU__c,et4ae5__UEBU__c,Id,N:1,Lookup,True,0,0,support,False,Child table is currently empty; this is an available schema relationship.
et4ae5__SendJunction__c,CreatedById,User,Id,N:1,Standard reference,False,,0,support,True,Administrative relationship; optional for business reporting. Population was not profiled. Child reference is required by schema. This does not mean every parent has a child. Child table is currently empty; this is an available schema relationship.
et4ae5__SendJunction__c,LastModifiedById,User,Id,N:1,Standard reference,False,,0,support,True,Administrative relationship; optional for business reporting. Population was not profiled. Child reference is required by schema. This does not mean every parent has a child. Child table is currently empty; this is an available schema relationship.
et4ae5__SendJunction__c,et4ae5__Campaign__c,Campaign,Id,N:1,Master-detail,False,0,0,support,False,Child reference is required by schema. This does not mean every parent has a child. Child table is currently empty; this is an available schema relationship.
et4ae5__SendJunction__c,et4ae5__SendDefinition__c,et4ae5__SendDefinition__c,Id,N:1,Master-detail,False,0,0,support,False,Child reference is required by schema. This does not mean every parent has a child. Child table is currently empty; this is an available schema relationship.
et4ae5__SupportRequest__c,CreatedById,User,Id,N:1,Standard reference,False,,0,support,True,Administrative relationship; optional for business reporting. Population was not profiled. Child reference is required by schema. This does not mean every parent has a child. Child table is currently empty; this is an available schema relationship.
et4ae5__SupportRequest__c,LastModifiedById,User,Id,N:1,Standard reference,False,,0,support,True,Administrative relationship; optional for business reporting. Population was not profiled. Child reference is required by schema. This does not mean every parent has a child. Child table is currently empty; this is an available schema relationship.
et4ae5__SupportRequest__c,et4ae5__Send_Definition__c,et4ae5__SendDefinition__c,Id,N:1,Master-detail,False,0,0,support,False,Child reference is required by schema. This does not mean every parent has a child. Child table is currently empty; this is an available schema relationship.
et4ae5__Triggered_Send_Execution__c,OwnerId,Group,Id,N:1 per target type,Polymorphic reference,False,,0,support,True,"Administrative relationship; optional for business reporting. Population was not profiled. One field can reference one of Group, User. Coverage is field-level across all targets; isolate the target type before joining. Target is outside the described Tableau scope; target rows were not profiled. Child reference is required by schema. This does not mean every parent has a child. Child table is currently empty; this is an available schema relationship."
et4ae5__Triggered_Send_Execution__c,OwnerId,User,Id,N:1 per target type,Polymorphic reference,False,,0,support,True,"Administrative relationship; optional for business reporting. Population was not profiled. One field can reference one of Group, User. Coverage is field-level across all targets; isolate the target type before joining. Child reference is required by schema. This does not mean every parent has a child. Child table is currently empty; this is an available schema relationship."
et4ae5__Triggered_Send_Execution__c,CreatedById,User,Id,N:1,Standard reference,False,,0,support,True,Administrative relationship; optional for business reporting. Population was not profiled. Child reference is required by schema. This does not mean every parent has a child. Child table is currently empty; this is an available schema relationship.
et4ae5__Triggered_Send_Execution__c,LastModifiedById,User,Id,N:1,Standard reference,False,,0,support,True,Administrative relationship; optional for business reporting. Population was not profiled. Child reference is required by schema. This does not mean every parent has a child. Child table is currently empty; this is an available schema relationship.
et4ae5__Triggered_Send_Execution__c,et4ae5__Triggered_Send__c,et4ae5__Automated_Send__c,Id,N:1,Lookup,False,0,0,support,False,Child reference is required by schema. This does not mean every parent has a child. Child table is currently empty; this is an available schema relationship.
et4ae5__UEBU__c,CreatedById,User,Id,N:1,Standard reference,False,,0,support,True,Administrative relationship; optional for business reporting. Population was not profiled. Child reference is required by schema. This does not mean every parent has a child. Child table is currently empty; this is an available schema relationship.
et4ae5__UEBU__c,LastModifiedById,User,Id,N:1,Standard reference,False,,0,support,True,Administrative relationship; optional for business reporting. Population was not profiled. Child reference is required by schema. This does not mean every parent has a child. Child table is currently empty; this is an available schema relationship.
et4ae5__UEBU__c,et4ae5__BU__c,et4ae5__Business_Unit__c,Id,N:1,Master-detail,False,0,0,support,False,Child reference is required by schema. This does not mean every parent has a child. Child table is currently empty; this is an available schema relationship.
et4ae5__abTest__c,OwnerId,Group,Id,N:1 per target type,Polymorphic reference,False,,0,support,True,"Administrative relationship; optional for business reporting. Population was not profiled. One field can reference one of Group, User. Coverage is field-level across all targets; isolate the target type before joining. Target is outside the described Tableau scope; target rows were not profiled. Child reference is required by schema. This does not mean every parent has a child. Child table is currently empty; this is an available schema relationship."
et4ae5__abTest__c,OwnerId,User,Id,N:1 per target type,Polymorphic reference,False,,0,support,True,"Administrative relationship; optional for business reporting. Population was not profiled. One field can reference one of Group, User. Coverage is field-level across all targets; isolate the target type before joining. Child reference is required by schema. This does not mean every parent has a child. Child table is currently empty; this is an available schema relationship."
et4ae5__abTest__c,CreatedById,User,Id,N:1,Standard reference,False,,0,support,True,Administrative relationship; optional for business reporting. Population was not profiled. Child reference is required by schema. This does not mean every parent has a child. Child table is currently empty; this is an available schema relationship.
et4ae5__abTest__c,LastModifiedById,User,Id,N:1,Standard reference,False,,0,support,True,Administrative relationship; optional for business reporting. Population was not profiled. Child reference is required by schema. This does not mean every parent has a child. Child table is currently empty; this is an available schema relationship.
